Cluster,tract,LON,LAT,estabs,scaled_emp,nice_emp_bin
Aerospace Vehicles and Defense,8123002209,-104.8438380531077,40.44667413397573,3,0.012183020948180816,50 to 100
Agricultural Inputs and Services,8123002016,-104.82703140579572,40.092365752340186,13,0.0514773980154355,250 to 500
Agricultural Inputs and Services,8123001411,-104.7429039301516,40.407714434370604,6,0.02746416758544653,100 to 250
Agricultural Inputs and Services,8123001500,-104.69827992384356,40.47309308114945,15,0.02637265711135612,100 to 250
Agricultural Inputs and Services,8123001404,-104.76600815408757,40.36766535159693,3,0.023098125689084897,100 to 250
Agricultural Inputs and Services,8123000705,-104.65559896230359,40.42369068517183,9,0.017640573318632856,100 to 250
Agricultural Inputs and Services,8123001416,-104.77730487920333,40.4358405031903,6,0.017640573318632856,100 to 250
Agricultural Inputs and Services,8123001412,-104.80298688957151,40.39170234939887,4,0.017640573318632856,100 to 250
Agricultural Inputs and Services,8123002010,-105.03965130519279,40.133444908597824,5,0.017640573318632856,100 to 250
Agricultural Inputs and Services,8123002011,-104.9458936758956,40.128835734400084,5,0.017640573318632856,100 to 250
Agricultural Inputs and Services,8123002210,-104.93507496812374,40.43786811432547,5,0.016549062844542446,50 to 100
Agricultural Inputs and Services,8123002203,-104.88186620076547,40.47499897084811,6,0.016549062844542446,50 to 100
Agricultural Inputs and Services,8123002502,-104.50423887428148,40.107267227310565,6,0.013274531422271224,50 to 100
Agricultural Inputs and Services,8123002005,-104.97991502637817,40.05463195451846,5,0.013274531422271224,50 to 100
Agricultural Inputs and Services,8014031400,-105.02259818206116,39.9886407961757,4,0.013274531422271224,50 to 100
Agricultural Inputs and Services,8123001800,-104.75018592781363,40.2026662618051,4,0.012183020948180816,50 to 100
Agricultural Inputs and Services,8123002209,-104.87951197806002,40.44354472444988,3,0.012183020948180816,50 to 100
Agricultural Inputs and Services,8123001414,-104.76078916197302,40.432949800202756,3,0.012183020948180816,50 to 100
Agricultural Inputs and Services,8123000502,-104.70380137616178,40.425205085537975,5,0.012183020948180816,50 to 100
Agricultural Inputs and Services,8123002300,-104.70709568574473,40.587769326564455,5,0.012183020948180816,50 to 100
Agricultural Inputs and Services,8123002102,-104.93149164436545,40.31202397091924,3,0.011091510474090408,20 to 50
Agricultural Inputs and Services,8123000300,-104.7017587239282,40.40019675822856,3,0.011091510474090408,20 to 50
Agricultural Inputs and Services,8123002103,-105.04380022177432,40.261488656165156,4,0.011091510474090408,20 to 50
Agricultural Inputs and Services,8123001005,-104.7297811993856,40.38186497266808,4,0.011091510474090408,20 to 50
Agricultural Inputs and Services,8123001004,-104.65432784193143,40.361197492332046,4,0.011091510474090408,20 to 50
Agricultural Inputs and Services,8123001700,-104.72246963357678,40.338293356489814,3,0.01,20 to 50
Agricultural Inputs and Services,8123002101,-104.85920119601758,40.39265035836371,3,0.01,20 to 50
Agricultural Inputs and Services,8123002206,-104.92648850565662,40.501820759854596,3,0.01,20 to 50
Apparel,8123002203,-104.7223081383733,40.46249423206252,3,0.01,20 to 50
Automotive,8123002209,-104.85590531923184,40.38623438568608,6,0.013274531422271224,50 to 100
Business Services,8123000703,-104.65299440224236,40.38444573708612,32,1,"5,000 to 10,000"
Business Services,8123001412,-104.7903873885859,40.44004974225245,21,0.09186328555678058,"500 to 1,000"
Business Services,8123001700,-104.7174639575219,40.33047426752079,26,0.07330760749724366,"500 to 1,000"
Business Services,8123001500,-104.71324455457322,40.48143614981314,30,0.05911797133406836,250 to 500
Business Services,8123001300,-104.74047567981816,40.4314839820166,11,0.04383682469680265,250 to 500
Business Services,8123002007,-105.04237788601829,40.07122753300568,9,0.04056229327453142,250 to 500
Business Services,8123002208,-104.86416460852556,40.517492558974965,16,0.03619625137816979,250 to 500
Business Services,8123002103,-104.99762384795125,40.230408617968486,20,0.03292171995589857,100 to 250
Business Services,8123001800,-104.8058513400484,40.22480206733442,13,0.03073869900771775,100 to 250
Business Services,8123002203,-104.88457338811499,40.48866731197465,5,0.02964718853362734,100 to 250
Business Services,8123000401,-104.69301474548264,40.40743253172256,7,0.028555678059536932,100 to 250
Business Services,8123002502,-104.59176482590915,40.08289656741584,9,0.02746416758544653,100 to 250
Business Services,8123001902,-104.75166454311805,40.06424978011393,10,0.02637265711135612,100 to 250
Business Services,8123002300,-104.71923347404834,40.59100294092715,15,0.024189636163175304,100 to 250
Business Services,8123002101,-104.85707027778187,40.34549924485029,9,0.019823594266813672,100 to 250
Business Services,8123001406,-104.77402130364787,40.386347670679626,7,0.019823594266813672,100 to 250
Business Services,8123001005,-104.72630383678963,40.3834480150661,7,0.018732083792723266,100 to 250
Business Services,8123002501,-104.04268517572505,40.5866288174028,5,0.018732083792723266,100 to 250
Business Services,8123001201,-104.73317138934419,40.41761913770208,7,0.018732083792723266,100 to 250
Business Services,8069001709,-104.97338696739567,40.42542888233274,8,0.017640573318632856,100 to 250
Business Services,8123002210,-104.93776782424335,40.44061653877377,6,0.017640573318632856,100 to 250
Business Services,8069002501,-104.96307571995236,40.50577921318986,5,0.017640573318632856,100 to 250
Business Services,8123002209,-104.86906332823914,40.44545607029588,9,0.016549062844542446,50 to 100
Business Services,8123002010,-105.02240747808958,40.15106021660445,8,0.016549062844542446,50 to 100
Business Services,8123000600,-104.70844488234152,40.44233691105781,5,0.01545755237045204,50 to 100
Business Services,8123001404,-104.7547961130248,40.36912782962203,7,0.014366041896361632,50 to 100
Business Services,8123001906,-104.80110982450474,40.132235982174784,6,0.014366041896361632,50 to 100
Business Services,8123001908,-104.84448393393318,40.0629479124766,6,0.014366041896361632,50 to 100
Business Services,8014031400,-105.02568503875861,39.987196213757095,7,0.014366041896361632,50 to 100
Business Services,8123002016,-104.9235755082293,40.110816663732315,5,0.014366041896361632,50 to 100
Business Services,8123001600,-104.56265656280522,40.437456035993215,5,0.013274531422271224,50 to 100
Business Services,8123002004,-104.93089852798482,40.077324748445335,6,0.013274531422271224,50 to 100
Business Services,8123001202,-104.72676230870651,40.41048228400303,4,0.012183020948180816,50 to 100
Business Services,8123002021,-104.90509056777546,40.13997328199995,3,0.012183020948180816,50 to 100
Business Services,8123002102,-104.91887393130783,40.33433073933365,5,0.012183020948180816,50 to 100
Business Services,8123001006,-104.6982406831594,40.37938281524094,4,0.012183020948180816,50 to 100
Business Services,8123000701,-104.6837845442438,40.42889600540569,4,0.011091510474090408,20 to 50
Business Services,8123002012,-104.97637171027958,40.105613836624805,4,0.011091510474090408,20 to 50
Business Services,8123001100,-104.7197516520809,40.40188362847382,3,0.01,20 to 50
Business Services,8123002005,-104.9577609773319,40.05437770739593,3,0.01,20 to 50
Business Services,8123002013,-104.9486726576213,40.09945677038225,3,0.01,20 to 50
Business Services,8123000900,-104.70704358176914,40.39361973595725,3,0.01,20 to 50
Construction Products and Services,8123001500,-104.71523515285593,40.48393429033244,12,0.020915104740904078,100 to 250
Construction Products and Services,8123001600,-104.47191506501126,40.542188721202756,4,0.01545755237045204,50 to 100
Construction Products and Services,8123002010,-104.94949865169868,40.159465174042936,5,0.01545755237045204,50 to 100
Construction Products and Services,8123001416,-104.82021202131035,40.44761690292025,7,0.01545755237045204,50 to 100
Construction Products and Services,8123002103,-104.9952014082327,40.2365991901174,6,0.01545755237045204,50 to 100
Construction Products and Services,8123001202,-104.74172041462347,40.410345174720604,5,0.014366041896361632,50 to 100
Construction Products and Services,8123002009,-105.02303270263857,40.06067963344842,4,0.012183020948180816,50 to 100
Construction Products and Services,8123001908,-104.81639147662963,40.079380261999546,5,0.012183020948180816,50 to 100
Construction Products and Services,8123001700,-104.7138374670809,40.342477091415795,4,0.011091510474090408,20 to 50
Construction Products and Services,8123002102,-104.87462043687778,40.324130491694426,3,0.011091510474090408,20 to 50
Construction Products and Services,8069002501,-104.94591708738119,40.49206942061015,4,0.011091510474090408,20 to 50
Construction Products and Services,8123001005,-104.72638335936853,40.36406548469362,3,0.01,20 to 50
Distribution and Electronic Commerce,8123001907,-104.81854915828201,40.140910877205286,34,0.20319735391400223,"1,000 to 5,000"
Distribution and Electronic Commerce,8123002009,-105.02643418734053,40.10927692676956,24,0.10277839029768468,"500 to 1,000"
Distribution and Electronic Commerce,8123002101,-104.79565565990653,40.36446027529625,16,0.07112458654906284,"500 to 1,000"
Distribution and Electronic Commerce,8123001404,-104.7495843110493,40.37786528282063,16,0.06675854465270122,"500 to 1,000"
Distribution and Electronic Commerce,8123000705,-104.64538823605771,40.405824462045274,23,0.05911797133406836,250 to 500
Distribution and Electronic Commerce,8123001500,-104.71621708549436,40.4759690140323,18,0.05366041896361631,250 to 500
Distribution and Electronic Commerce,8123001413,-104.75828090442991,40.42481468560911,3,0.042745314222712244,250 to 500
Distribution and Electronic Commerce,8123002209,-104.84679806765935,40.43238291103877,9,0.031830209481808154,100 to 250
Distribution and Electronic Commerce,8123002210,-104.92625519847353,40.452937964757886,6,0.031830209481808154,100 to 250
Distribution and Electronic Commerce,8123001416,-104.77152936589277,40.436361555072935,15,0.02964718853362734,100 to 250
Distribution and Electronic Commerce,8123000402,-104.69126562198232,40.4243147205574,7,0.028555678059536932,100 to 250
Distribution and Electronic Commerce,8123002208,-104.88492556681067,40.513068978896015,10,0.028555678059536932,100 to 250
Distribution and Electronic Commerce,8123001700,-104.70203056789435,40.35160314335211,15,0.02746416758544653,100 to 250
Distribution and Electronic Commerce,8123002103,-104.99060168266426,40.221144184160785,14,0.02637265711135612,100 to 250
Distribution and Electronic Commerce,8123002207,-104.93114584828457,40.496327924545206,9,0.022006615214994488,100 to 250
Distribution and Electronic Commerce,8123002102,-104.95462886726745,40.35833120459508,8,0.020915104740904078,100 to 250
Distribution and Electronic Commerce,8123001005,-104.72425334557866,40.372586319070734,5,0.019823594266813672,100 to 250
Distribution and Electronic Commerce,8123002502,-104.5358165248301,40.08036937547713,9,0.016549062844542446,50 to 100
Distribution and Electronic Commerce,8123002300,-104.75209441451682,40.559296756838435,6,0.01545755237045204,50 to 100
Distribution and Electronic Commerce,8123001408,-104.7665033563192,40.39839393824686,5,0.014366041896361632,50 to 100
Distribution and Electronic Commerce,8123001100,-104.72630028798386,40.39757582457499,4,0.013274531422271224,50 to 100
Distribution and Electronic Commerce,8123000703,-104.68286100221836,40.401059265685035,5,0.013274531422271224,50 to 100
Distribution and Electronic Commerce,8123002501,-104.429519557864,40.602173994960204,5,0.012183020948180816,50 to 100
Distribution and Electronic Commerce,8123001415,-104.73967554828836,40.43576061888427,3,0.012183020948180816,50 to 100
Distribution and Electronic Commerce,8123002007,-105.05059202862495,40.04999657878674,5,0.012183020948180816,50 to 100
Distribution and Electronic Commerce,8123001600,-104.46245401811558,40.39199986730799,5,0.012183020948180816,50 to 100
Distribution and Electronic Commerce,8123001412,-104.79022468109002,40.41514500043065,4,0.012183020948180816,50 to 100
Distribution and Electronic Commerce,8123001410,-104.75070094010688,40.41251472532473,4,0.012183020948180816,50 to 100
Distribution and Electronic Commerce,8069002501,-104.9649620626,40.51459210486115,4,0.011091510474090408,20 to 50
Distribution and Electronic Commerce,8123000600,-104.70294442764119,40.44256155844857,4,0.011091510474090408,20 to 50
Distribution and Electronic Commerce,8123001004,-104.68863600106529,40.37951137352874,3,0.01,20 to 50
Distribution and Electronic Commerce,8123001006,-104.70475197253923,40.37774166306783,3,0.01,20 to 50
Distribution and Electronic Commerce,8013060800,-105.08831956493444,40.002386305545734,3,0.01,20 to 50
Distribution and Electronic Commerce,8123002008,-105.00255755962925,40.012105540980336,3,0.01,20 to 50
Distribution and Electronic Commerce,8001061200,-104.96233632183743,39.99580013289619,3,0.01,20 to 50
Downstream Chemical Products,8123001411,-104.79779688950354,40.42351625227303,3,0.011091510474090408,20 to 50
Downstream Metal Products,8123001416,-104.84709424630844,40.52338820536109,4,0.013274531422271224,50 to 100
Downstream Metal Products,8123001406,-104.87555519557064,40.29466636106053,5,0.012183020948180816,50 to 100
Downstream Metal Products,8123001201,-104.72589815409934,40.419198567594556,4,0.011091510474090408,20 to 50
Downstream Metal Products,8123000705,-104.64848242779952,40.43292622509518,3,0.01,20 to 50
Downstream Metal Products,8013013211,-105.07352614768618,40.02613242985241,3,0.01,20 to 50
Education and Knowledge Creation,8123001800,-104.76743933657283,40.17081734695349,4,0.014366041896361632,50 to 100
Education and Knowledge Creation,8123002009,-105.00935145869447,40.042835410421574,5,0.014366041896361632,50 to 100
Education and Knowledge Creation,8123001700,-104.74417259391045,40.32073959568487,5,0.013274531422271224,50 to 100
Education and Knowledge Creation,8123001003,-104.70564451924412,40.38601710917154,3,0.013274531422271224,50 to 100
Education and Knowledge Creation,8123002021,-104.94377573944219,40.13876047449698,5,0.013274531422271224,50 to 100
Education and Knowledge Creation,8123000705,-104.57277995960162,40.35774877075996,4,0.012183020948180816,50 to 100
Education and Knowledge Creation,8123002203,-104.90239135652298,40.447062918626834,5,0.012183020948180816,50 to 100
Education and Knowledge Creation,8123001300,-104.74827305830196,40.419943448586714,5,0.012183020948180816,50 to 100
Education and Knowledge Creation,8123001406,-104.79415605540713,40.39482661538415,4,0.012183020948180816,50 to 100
Education and Knowledge Creation,8123002103,-104.92156623698811,40.2768886211516,3,0.011091510474090408,20 to 50
Environmental Services,8123001417,-104.78330164557146,40.406490140182086,3,0.012183020948180816,50 to 100
Environmental Services,8123002019,-105.03154856935619,40.121707934998284,3,0.011091510474090408,20 to 50
Environmental Services,8123002501,-104.70392957994801,40.56100620638753,3,0.011091510474090408,20 to 50
Environmental Services,8123001003,-104.69864814728709,40.36001942058967,3,0.01,20 to 50
Financial Services,8123001700,-104.96338295840454,40.05890222362178,30,0.1475303197353914,"1,000 to 5,000"
Financial Services,8123001005,-104.74971941893043,40.40423443391793,12,0.07003307607497243,"500 to 1,000"
Financial Services,8123001500,-104.72014317049401,40.46838358534569,12,0.02637265711135612,100 to 250
Financial Services,8123000705,-104.62128235173108,40.44531366243529,7,0.014366041896361632,50 to 100
Financial Services,8123000800,-104.68962371994962,40.397562579734874,5,0.013274531422271224,50 to 100
Financial Services,8123002101,-104.84845999647332,40.35897116283744,4,0.012183020948180816,50 to 100
Financial Services,8123002208,-104.8974403286768,40.480428959085664,3,0.01,20 to 50
Food Processing and Manufacturing,8123000705,-104.60223362498273,40.393122190569855,5,0.031830209481808154,100 to 250
Food Processing and Manufacturing,8123001500,-104.66946169119527,40.565124214463495,7,0.02637265711135612,100 to 250
Food Processing and Manufacturing,8123002101,-104.83232678033578,40.3211207805304,6,0.01545755237045204,50 to 100
Food Processing and Manufacturing,8123002020,-104.97152024388366,40.11629947688975,4,0.013274531422271224,50 to 100
Food Processing and Manufacturing,8123001202,-104.7407069141929,40.41407146332718,5,0.012183020948180816,50 to 100
Food Processing and Manufacturing,8123001906,-104.7190223978371,40.07417773048911,4,0.012183020948180816,50 to 100
Food Processing and Manufacturing,8123002203,-104.88946269585539,40.49775941651473,3,0.01,20 to 50
Furniture,8123000600,-104.8020531595768,40.360181812038064,7,0.016549062844542446,50 to 100
Hospitality and Tourism,8123000705,-104.66798661849492,40.42146384630149,5,0.022006615214994488,100 to 250
Hospitality and Tourism,8123002005,-104.96119155273291,40.03214437662681,9,0.017640573318632856,100 to 250
Hospitality and Tourism,8069002501,-104.93798526306419,40.47905693905873,5,0.01545755237045204,50 to 100
Hospitality and Tourism,8123001417,-104.72295474555114,40.45209497205112,6,0.014366041896361632,50 to 100
Hospitality and Tourism,8123002208,-104.67852201716097,40.583219521217096,7,0.014366041896361632,50 to 100
Hospitality and Tourism,8123002209,-104.79277711030232,40.43371080842866,5,0.014366041896361632,50 to 100
Hospitality and Tourism,8123002103,-104.97188315106561,40.27871688353089,6,0.013274531422271224,50 to 100
Hospitality and Tourism,8123001003,-104.70470745668814,40.37163767390987,6,0.013274531422271224,50 to 100
Hospitality and Tourism,8013013402,-105.01409844901713,40.129276921121665,5,0.013274531422271224,50 to 100
Hospitality and Tourism,8123001404,-104.84598343272627,40.35851416894273,3,0.01,20 to 50
Hospitality and Tourism,8123002016,-104.84370054468874,40.09783664736802,3,0.01,20 to 50
Information Technology and Analytical Instruments,8123001003,-104.84763075240924,40.435814031502744,8,0.19337375964718856,"1,000 to 5,000"
Information Technology and Analytical Instruments,8123002103,-104.9359946755226,40.128350223830545,6,0.014366041896361632,50 to 100
Information Technology and Analytical Instruments,8123000705,-104.66255054753549,40.411527565445304,3,0.01,20 to 50
Insurance Services,8123001800,-104.73954797440294,40.37599491869651,13,0.05256890848952591,250 to 500
Insurance Services,8123002009,-105.01882720538923,40.05252079430678,3,0.01,20 to 50
Lighting and Electrical Equipment,8123001404,-104.95599358818669,40.18236612780774,4,0.017640573318632856,100 to 250
Livestock Processing,8123000800,-104.73312047162716,40.42596317950446,9,0.016549062844542446,50 to 100
Livestock Processing,8123002209,-104.85139688333862,40.26881914973255,3,0.01,20 to 50
Local Commercial Services,8123001405,-104.76350962536533,40.37283858745257,22,0.21083792723263506,"1,000 to 5,000"
Local Commercial Services,8123000705,-104.64881116002272,40.43177149860538,24,0.10932745314222712,"500 to 1,000"
Local Commercial Services,8123002203,-104.86420070592006,40.48800185111344,17,0.08968026460859976,"500 to 1,000"
Local Commercial Services,8123001500,-104.73571311692632,40.481384341682514,22,0.04383682469680265,250 to 500
Local Commercial Services,8123002101,-104.84558035271884,40.374329470610505,17,0.04056229327453142,250 to 500
Local Commercial Services,8123001700,-104.70641873388182,40.35042548808738,10,0.038379272326350605,250 to 500
Local Commercial Services,8123001410,-104.74763614979547,40.401951719301415,8,0.03401323042998897,250 to 500
Local Commercial Services,8123002209,-104.86788885398181,40.43892377121807,16,0.02964718853362734,100 to 250
Local Commercial Services,8123000402,-104.70314473806013,40.410515911525394,7,0.02746416758544653,100 to 250
Local Commercial Services,8123002103,-105.00275954484728,40.224606185479416,16,0.02637265711135612,100 to 250
Local Commercial Services,8123002009,-105.01193130256927,40.06209820203184,10,0.023098125689084897,100 to 250
Local Commercial Services,8123002501,-104.46184158348696,40.766802710507854,10,0.022006615214994488,100 to 250
Local Commercial Services,8123001600,-104.60770836857634,40.370950940974254,4,0.020915104740904078,100 to 250
Local Commercial Services,8123002207,-104.93177826514388,40.505208518018684,10,0.020915104740904078,100 to 250
Local Commercial Services,8123001416,-104.7655722347449,40.44425267940268,8,0.019823594266813672,100 to 250
Local Commercial Services,8123001005,-104.71395285663303,40.37170681089327,10,0.018732083792723266,100 to 250
Local Commercial Services,8123001411,-104.77231605027522,40.4148918891307,5,0.018732083792723266,100 to 250
Local Commercial Services,8123001907,-104.77156699470035,40.07098026880187,5,0.018732083792723266,100 to 250
Local Commercial Services,8013012800,-105.07898458057542,40.0488495658925,6,0.017640573318632856,100 to 250
Local Commercial Services,8123001906,-104.79578562425814,40.11391033131341,6,0.017640573318632856,100 to 250
Local Commercial Services,8123001908,-104.83852801953829,40.09954743443106,4,0.017640573318632856,100 to 250
Local Commercial Services,8123001902,-104.73707294776251,40.093132098145645,5,0.016549062844542446,50 to 100
Local Commercial Services,8123002010,-105.01965659534848,40.12207337408546,7,0.01545755237045204,50 to 100
Local Commercial Services,8123002300,-104.73933873936858,40.586249947789476,4,0.01545755237045204,50 to 100
Local Commercial Services,8123000501,-104.71797165177355,40.43271510273037,7,0.01545755237045204,50 to 100
Local Commercial Services,8123000600,-104.7019841237781,40.44808453624283,3,0.014366041896361632,50 to 100
Local Commercial Services,8123000703,-104.65738422810674,40.40382999417281,5,0.014366041896361632,50 to 100
Local Commercial Services,8123002019,-104.95833793227834,40.159618666775785,6,0.014366041896361632,50 to 100
Local Commercial Services,8123002017,-104.9908800680751,40.12198379420418,4,0.013274531422271224,50 to 100
Local Commercial Services,8123002102,-104.91896122110111,40.3313148311882,5,0.013274531422271224,50 to 100
Local Commercial Services,8123002008,-105.0222662330826,39.99206679852164,3,0.013274531422271224,50 to 100
Local Commercial Services,8123002012,-104.98129386582286,40.09581839871893,4,0.013274531422271224,50 to 100
Local Commercial Services,8013060800,-105.07027552710096,39.98639604119948,4,0.013274531422271224,50 to 100
Local Commercial Services,8123000704,-104.67399408115824,40.38533331105317,5,0.013274531422271224,50 to 100
Local Commercial Services,8123002016,-104.9162487586363,40.12618131299237,5,0.013274531422271224,50 to 100
Local Commercial Services,8001008523,-104.7741857431587,39.9715698944091,5,0.013274531422271224,50 to 100
Local Commercial Services,8123002013,-104.95251138753555,40.11431558202856,4,0.012183020948180816,50 to 100
Local Commercial Services,8069001709,-104.94299637340723,40.43565452320536,5,0.012183020948180816,50 to 100
Local Commercial Services,8123001415,-104.76267022889027,40.43303085398816,4,0.011091510474090408,20 to 50
Local Commercial Services,8123001800,-104.84678584471658,40.20430281308542,4,0.011091510474090408,20 to 50
Local Commercial Services,8123002007,-105.04512522022223,40.03855269220265,4,0.011091510474090408,20 to 50
Local Commercial Services,8123002502,-104.61060087921818,40.08078710651384,3,0.011091510474090408,20 to 50
Local Commercial Services,8123000701,-104.68306952480638,40.437237989423316,3,0.01,20 to 50
Local Commercial Services,8123001407,-104.7951996231668,40.40084545289892,3,0.01,20 to 50
Local Commercial Services,8123002005,-104.95838195625124,40.04100780060945,3,0.01,20 to 50
Local Community and Civic Organizations,8123001700,-104.71430941618921,40.045522414798945,86,0.5110033076074972,"1,000 to 5,000"
Local Community and Civic Organizations,8123001500,-104.72771992802481,40.476338142768604,25,0.05802646085997795,250 to 500
Local Community and Civic Organizations,8123000705,-104.6332615418588,40.39875021732368,13,0.04056229327453142,250 to 500
Local Community and Civic Organizations,8123001004,-104.69114140509726,40.38932997366085,11,0.039470782800441015,250 to 500
Local Community and Civic Organizations,8123001404,-104.78634796104092,40.35979611582825,9,0.03510474090407938,250 to 500
Local Community and Civic Organizations,8123002101,-104.84321111008823,40.371418694003424,12,0.028555678059536932,100 to 250
Local Community and Civic Organizations,8123002103,-104.97797247115754,40.274315718732076,10,0.02746416758544653,100 to 250
Local Community and Civic Organizations,8123002209,-104.85520966263773,40.44191070332856,9,0.02528114663726571,100 to 250
Local Community and Civic Organizations,8123002208,-104.82886137860166,40.50845103671882,9,0.024189636163175304,100 to 250
Local Community and Civic Organizations,8123002300,-104.65349057745448,40.61412912853277,10,0.022006615214994488,100 to 250
Local Community and Civic Organizations,8123001300,-104.72698331303168,40.43049213824326,13,0.022006615214994488,100 to 250
Local Community and Civic Organizations,8123002203,-104.88623012665549,40.48122371744958,8,0.019823594266813672,100 to 250
Local Community and Civic Organizations,8123000502,-104.69370965264189,40.414302855381145,5,0.019823594266813672,100 to 250
Local Community and Civic Organizations,8123001006,-104.70051176698378,40.38111729130799,4,0.016549062844542446,50 to 100
Local Community and Civic Organizations,8123001409,-104.73827372049797,40.397791379305225,5,0.016549062844542446,50 to 100
Local Community and Civic Organizations,8123001416,-104.78791403654473,40.44034762991773,6,0.016549062844542446,50 to 100
Local Community and Civic Organizations,8123001406,-104.76943243538643,40.38473469443882,7,0.01545755237045204,50 to 100
Local Community and Civic Organizations,8123001407,-104.7852341654502,40.40638326585339,6,0.01545755237045204,50 to 100
Local Community and Civic Organizations,8069001709,-104.9721375345481,40.42958383041225,4,0.014366041896361632,50 to 100
Local Community and Civic Organizations,8123000600,-104.69403548021128,40.44523246260555,7,0.014366041896361632,50 to 100
Local Community and Civic Organizations,8123002207,-104.94416933412364,40.510555354320836,5,0.012183020948180816,50 to 100
Local Community and Civic Organizations,8123001100,-104.72819466143297,40.400743764217545,5,0.012183020948180816,50 to 100
Local Community and Civic Organizations,8123001005,-104.72540649843235,40.38117609399472,4,0.011091510474090408,20 to 50
Local Community and Civic Organizations,8123001600,-104.53536054152663,40.41065706464237,4,0.011091510474090408,20 to 50
Local Community and Civic Organizations,8123002205,-104.91976816845083,40.46765228610085,4,0.011091510474090408,20 to 50
Local Education and Training,8123000705,-104.64347125471696,40.472374786182016,14,0.08422271223814773,"500 to 1,000"
Local Education and Training,8123002004,-104.99141484610281,40.08842771007499,6,0.019823594266813672,100 to 250
Local Education and Training,8123001406,-104.73604796822259,40.37597669255477,6,0.018732083792723266,100 to 250
Local Education and Training,8123001404,-104.79720622128467,40.35599995608969,4,0.014366041896361632,50 to 100
Local Education and Training,8123002209,-104.91026885965022,40.48097044453075,5,0.013274531422271224,50 to 100
Local Education and Training,8123001412,-104.79173735598204,40.4160539773084,3,0.012183020948180816,50 to 100
Local Education and Training,8001008523,-104.58668626898044,40.08085167758084,3,0.011091510474090408,20 to 50
Local Education and Training,8123002103,-104.98940473863,40.245698845121126,3,0.01,20 to 50
Local Entertainment and Media,8123001500,-104.75051862258817,40.57832103509728,11,0.03510474090407938,250 to 500
Local Entertainment and Media,8123001416,-104.76707602857681,40.39940063438909,6,0.024189636163175304,100 to 250
Local Entertainment and Media,8069002501,-104.9320532721987,40.47835797717845,7,0.016549062844542446,50 to 100
Local Entertainment and Media,8123000705,-104.60784139310992,40.40568887553703,8,0.01545755237045204,50 to 100
Local Entertainment and Media,8123002103,-104.97933423929014,40.17048931997222,8,0.01545755237045204,50 to 100
Local Entertainment and Media,8123002102,-104.87282425805908,40.383083998914145,5,0.012183020948180816,50 to 100
Local Entertainment and Media,8123001907,-104.76280232224276,40.04300958168156,3,0.011091510474090408,20 to 50
Local Entertainment and Media,8014031400,-105.00448455138537,39.99985211349478,3,0.01,20 to 50
Local Financial Services,8123001700,-104.74713908074241,40.33599420905042,17,0.04383682469680265,250 to 500
Local Financial Services,8123002101,-104.89306190852722,40.338323125376895,13,0.04383682469680265,250 to 500
Local Financial Services,8123001907,-104.75137727329984,39.98257164347219,10,0.04056229327453142,250 to 500
Local Financial Services,8123001500,-104.71969642245112,40.47875015017679,21,0.03510474090407938,250 to 500
Local Financial Services,8123000705,-104.65057676522807,40.406455621035924,14,0.02964718853362734,100 to 250
Local Financial Services,8123002208,-104.84665904412151,40.51112690961357,6,0.024189636163175304,100 to 250
Local Financial Services,8123002206,-104.9499671804577,40.51410692237939,7,0.024189636163175304,100 to 250
Local Financial Services,8123000401,-104.71192264260196,40.402623371318825,7,0.024189636163175304,100 to 250
Local Financial Services,8123002103,-104.9869252090336,40.229557360758136,9,0.020915104740904078,100 to 250
Local Financial Services,8123001416,-104.7761127850258,40.43916804337972,7,0.018732083792723266,100 to 250
Local Financial Services,8123002300,-104.7462907690518,40.57738904392774,7,0.017640573318632856,100 to 250
Local Financial Services,8123001004,-104.68153619220337,40.37522137049724,4,0.016549062844542446,50 to 100
Local Financial Services,8123001404,-104.75358845666713,40.373961364321076,6,0.016549062844542446,50 to 100
Local Financial Services,8123001800,-104.78108829990555,40.192145204058825,7,0.016549062844542446,50 to 100
Local Financial Services,8123002010,-105.00796388545689,40.14095916771298,8,0.016549062844542446,50 to 100
Local Financial Services,8123002013,-104.93521006625765,40.12624494155273,4,0.01545755237045204,50 to 100
Local Financial Services,8123002501,-104.40301772149816,40.79411801048,6,0.014366041896361632,50 to 100
Local Financial Services,8123001005,-104.71926072613793,40.37536194485356,6,0.013274531422271224,50 to 100
Local Financial Services,8123002009,-105.01090641409561,40.063092693422355,6,0.013274531422271224,50 to 100
Local Financial Services,8123002015,-104.91781917876385,40.07680443250523,5,0.013274531422271224,50 to 100
Local Financial Services,8014031400,-105.0070754163593,39.987069062311136,6,0.013274531422271224,50 to 100
Local Financial Services,8123001406,-104.77153823853611,40.38766415418965,6,0.013274531422271224,50 to 100
Local Financial Services,8123002017,-104.99063315240583,40.11175938072507,5,0.013274531422271224,50 to 100
Local Financial Services,8123002209,-104.86041252526317,40.450320577117694,6,0.013274531422271224,50 to 100
Local Financial Services,8123001600,-104.55582046697654,40.35913263507066,4,0.012183020948180816,50 to 100
Local Financial Services,8123002502,-104.53655623558329,40.10614464561024,4,0.012183020948180816,50 to 100
Local Financial Services,8123002007,-105.06420450571903,40.0589571435834,5,0.012183020948180816,50 to 100
Local Financial Services,8123001300,-104.74279211977772,40.43695420672065,5,0.012183020948180816,50 to 100
Local Financial Services,8123001410,-104.744264794759,40.41162941189727,3,0.011091510474090408,20 to 50
Local Financial Services,8123001006,-104.70624706234663,40.37518343356976,3,0.01,20 to 50
Local Financial Services,8123001409,-104.74539483697123,40.397228996173105,3,0.01,20 to 50
Local Financial Services,8123000704,-104.68012984812614,40.39097756148225,3,0.01,20 to 50
Local Food and Beverage Processing and Distribution,8123002019,-104.93542628144218,40.155370065920444,9,0.028555678059536932,100 to 250
Local Food and Beverage Processing and Distribution,8123001500,-104.7025263101062,40.460786437515864,7,0.023098125689084897,100 to 250
Local Food and Beverage Processing and Distribution,8123000705,-104.6636438835103,40.413538946211766,9,0.022006615214994488,100 to 250
Local Food and Beverage Processing and Distribution,8123002208,-104.85185685570865,40.506618128173535,5,0.019823594266813672,100 to 250
Local Food and Beverage Processing and Distribution,8123002103,-104.98963360515555,40.21962688183512,8,0.018732083792723266,100 to 250
Local Food and Beverage Processing and Distribution,8123001005,-104.74396530136863,40.366457126892904,5,0.017640573318632856,100 to 250
Local Food and Beverage Processing and Distribution,8123001700,-104.66768372445746,40.32115733032253,7,0.017640573318632856,100 to 250
Local Food and Beverage Processing and Distribution,8123002501,-104.52318834154204,40.6326732837186,7,0.016549062844542446,50 to 100
Local Food and Beverage Processing and Distribution,8123001906,-104.81933842505943,40.076128814007696,5,0.016549062844542446,50 to 100
Local Food and Beverage Processing and Distribution,8123002101,-104.87423822457383,40.3447285776346,7,0.016549062844542446,50 to 100
Local Food and Beverage Processing and Distribution,8123002009,-105.03576917877797,40.034891774849484,6,0.014366041896361632,50 to 100
Local Food and Beverage Processing and Distribution,8123001800,-104.8555886910648,40.220483077193876,4,0.013274531422271224,50 to 100
Local Food and Beverage Processing and Distribution,8123002209,-104.85312072706894,40.445137416674584,5,0.013274531422271224,50 to 100
Local Food and Beverage Processing and Distribution,8123001406,-104.79014456414279,40.3927971796518,3,0.013274531422271224,50 to 100
Local Food and Beverage Processing and Distribution,8123001201,-104.71738234867688,40.4181283342504,5,0.013274531422271224,50 to 100
Local Food and Beverage Processing and Distribution,8123002203,-104.90479472083418,40.505880065657855,3,0.012183020948180816,50 to 100
Local Food and Beverage Processing and Distribution,8123002210,-104.92387571970237,40.43152182028007,4,0.012183020948180816,50 to 100
Local Food and Beverage Processing and Distribution,8123001411,-104.75137676863008,40.40927552032145,5,0.012183020948180816,50 to 100
Local Food and Beverage Processing and Distribution,8123001004,-104.6825879100527,40.384462667435216,3,0.01,20 to 50
Local Food and Beverage Processing and Distribution,8123001006,-104.70961857080881,40.379655683289066,3,0.01,20 to 50
Local Food and Beverage Processing and Distribution,8123001416,-104.80511013827507,40.43424291009024,3,0.01,20 to 50
Local Food and Beverage Processing and Distribution,8123001300,-104.73330802031772,40.43746229751083,3,0.01,20 to 50
Local Government Services,8123001409,-104.77169654100274,40.39363625442557,7,0.03510474090407938,250 to 500
Local Government Services,8123000401,-104.681169021251,40.39802031226912,7,0.022006615214994488,100 to 250
Local Government Services,8123002208,-104.88809937146009,40.5033620414299,4,0.019823594266813672,100 to 250
Local Government Services,8123002103,-104.966208402211,40.26862970780447,4,0.016549062844542446,50 to 100
Local Government Services,8123001700,-104.67246740488096,40.33309166526404,4,0.012183020948180816,50 to 100
Local Government Services,8123002016,-104.9158249851665,40.073815714774156,5,0.012183020948180816,50 to 100
Local Government Services,8123001500,-104.71416943772284,40.50055968456213,5,0.012183020948180816,50 to 100
Local Health Services,8123000200,-104.71027627680736,40.4188217512181,18,0.08203969128996692,"500 to 1,000"
Local Health Services,8123001500,-104.7266251723239,40.4733037547859,25,0.061300992282249174,"500 to 1,000"
Local Health Services,8123002010,-105.0322741329478,40.098524364017145,10,0.061300992282249174,"500 to 1,000"
Local Health Services,8123000705,-104.65102090530328,40.41387508166447,19,0.05911797133406836,250 to 500
Local Health Services,8123000300,-104.70428824797746,40.393313446918626,6,0.0514773980154355,250 to 500
Local Health Services,8123001416,-104.75047366609516,40.43910498890733,9,0.039470782800441015,250 to 500
Local Health Services,8123002009,-105.00383860891209,40.05064405780113,12,0.039470782800441015,250 to 500
Local Health Services,8069002501,-104.95888241185746,40.503355817986744,6,0.03619625137816979,250 to 500
Local Health Services,8123001404,-104.77558936158837,40.36322292775846,14,0.03073869900771775,100 to 250
Local Health Services,8123002300,-104.73266453188343,40.56348851841535,5,0.028555678059536932,100 to 250
Local Health Services,8123002208,-104.8615081734217,40.49774068902006,9,0.02746416758544653,100 to 250
Local Health Services,8013012800,-105.0991624937393,40.050808293534736,3,0.02528114663726571,100 to 250
Local Health Services,8123002103,-104.9695879427884,40.244951987537476,15,0.02528114663726571,100 to 250
Local Health Services,8123001410,-104.74798117030268,40.41964158663601,7,0.024189636163175304,100 to 250
Local Health Services,8123001700,-104.73104424279407,40.336175314320414,10,0.023098125689084897,100 to 250
Local Health Services,8123002203,-104.89436269282108,40.47794445335782,11,0.023098125689084897,100 to 250
Local Health Services,8123002101,-104.84078660911935,40.37603278880248,12,0.022006615214994488,100 to 250
Local Health Services,8123002502,-104.55619901610531,40.12696652130381,6,0.018732083792723266,100 to 250
Local Health Services,8123001005,-104.72262337121086,40.36500906367785,8,0.016549062844542446,50 to 100
Local Health Services,8123001408,-104.77251037069567,40.40384213070252,7,0.016549062844542446,50 to 100
Local Health Services,8123001406,-104.78061432097552,40.38875326476408,6,0.01545755237045204,50 to 100
Local Health Services,8123002209,-104.87975251531203,40.432241545177895,7,0.01545755237045204,50 to 100
Local Health Services,8123002501,-104.54438136058928,40.51034158789579,6,0.01545755237045204,50 to 100
Local Health Services,8123000701,-104.6871990301767,40.42903243166986,3,0.013274531422271224,50 to 100
Local Health Services,8123001409,-104.74520990567255,40.40073945257683,4,0.013274531422271224,50 to 100
Local Health Services,8123001902,-104.72975990799391,40.079578415482594,5,0.013274531422271224,50 to 100
Local Health Services,8123002006,-104.91389482483848,40.05647551946657,5,0.013274531422271224,50 to 100
Local Health Services,8123001908,-104.83177284253965,40.12651136281415,4,0.013274531422271224,50 to 100
Local Health Services,8123002017,-104.98518649087694,40.12082568626001,4,0.013274531422271224,50 to 100
Local Health Services,8123000800,-104.6900525823116,40.399797063661595,4,0.012183020948180816,50 to 100
Local Health Services,8123001006,-104.70566607289335,40.37470855572042,4,0.012183020948180816,50 to 100
Local Health Services,8123002019,-104.96321468430145,40.15495570717891,5,0.012183020948180816,50 to 100
Local Health Services,8014031400,-104.99640884281929,39.997071525022065,5,0.012183020948180816,50 to 100
Local Health Services,8123000703,-104.66958618106406,40.396005721971626,5,0.012183020948180816,50 to 100
Local Health Services,8069001709,-104.96013586784348,40.43923047745946,3,0.011091510474090408,20 to 50
Local Health Services,8123001004,-104.68801798108188,40.37887251549939,3,0.011091510474090408,20 to 50
Local Health Services,8123001100,-104.72096806869956,40.397202663166965,3,0.011091510474090408,20 to 50
Local Health Services,8123001300,-104.72634155883941,40.437942018498354,4,0.011091510474090408,20 to 50
Local Health Services,8123001600,-104.58574688083225,40.36107649183825,4,0.011091510474090408,20 to 50
Local Health Services,8123001800,-104.6910848226739,40.23063116988305,3,0.011091510474090408,20 to 50
Local Health Services,8123002004,-104.9265170765014,40.089921918442485,3,0.011091510474090408,20 to 50
Local Health Services,8123002016,-104.91714220892895,40.11963963316244,4,0.011091510474090408,20 to 50
Local Health Services,8123000600,-104.70505979050027,40.44406423131117,3,0.01,20 to 50
Local Health Services,8123001907,-104.7771847240878,40.05217498547855,3,0.01,20 to 50
Local Health Services,8123002021,-104.903894776123,40.145187011816176,3,0.01,20 to 50
Local Hospitality Establishments,8123000705,-104.60514037367976,40.441528793109576,32,0.08531422271223814,"500 to 1,000"
Local Hospitality Establishments,8123002208,-104.84010570851112,40.58597766899256,22,0.08203969128996692,"500 to 1,000"
Local Hospitality Establishments,8123001908,-104.82186018918,40.035341548402656,20,0.05693495038588754,250 to 500
Local Hospitality Establishments,8123001202,-104.7268173699162,40.42269079124105,7,0.0514773980154355,250 to 500
Local Hospitality Establishments,8123002203,-104.88423642381693,40.48283328779835,10,0.05038588754134509,250 to 500
Local Hospitality Establishments,8123001500,-104.72290477626387,40.47851781314902,27,0.04929437706725469,250 to 500
Local Hospitality Establishments,8123002101,-104.8422383151614,40.3584325147251,14,0.04929437706725469,250 to 500
Local Hospitality Establishments,8123002103,-105.00599262679255,40.21400993319155,25,0.04820286659316428,250 to 500
Local Hospitality Establishments,8123001700,-104.71759875205001,40.320219511955706,20,0.042745314222712244,250 to 500
Local Hospitality Establishments,8123001416,-104.75939726709245,40.4433918029442,12,0.03401323042998897,250 to 500
Local Hospitality Establishments,8123002009,-104.98801329368715,40.06087370728323,9,0.02964718853362734,100 to 250
Local Hospitality Establishments,8123000402,-104.70693305092841,40.424890589233094,8,0.02746416758544653,100 to 250
Local Hospitality Establishments,8123001800,-104.77721904042096,40.17803135302299,5,0.024189636163175304,100 to 250
Local Hospitality Establishments,8123002502,-104.51927189389696,40.16899660930009,9,0.024189636163175304,100 to 250
Local Hospitality Establishments,8123002102,-104.92965057085404,40.32161108993003,9,0.022006615214994488,100 to 250
Local Hospitality Establishments,8013012800,-105.07540402431502,40.05321086645173,6,0.020915104740904078,100 to 250
Local Hospitality Establishments,8123000900,-104.71464873563089,40.39848954311922,7,0.019823594266813672,100 to 250
Local Hospitality Establishments,8123001906,-104.79030351521926,40.11458745464821,4,0.017640573318632856,100 to 250
Local Hospitality Establishments,8123002210,-104.93053661809861,40.44113282803223,6,0.017640573318632856,100 to 250
Local Hospitality Establishments,8123002501,-104.62015346122838,40.675806753634895,3,0.017640573318632856,100 to 250
Local Hospitality Establishments,8123000800,-104.69177165818766,40.401850928004606,5,0.017640573318632856,100 to 250
Local Hospitality Establishments,8123000600,-104.70091551965818,40.44544952273843,6,0.016549062844542446,50 to 100
Local Hospitality Establishments,8123001005,-104.7213711258545,40.378026263820786,8,0.016549062844542446,50 to 100
Local Hospitality Establishments,8123002207,-104.91585670018412,40.509119855729175,4,0.016549062844542446,50 to 100
Local Hospitality Establishments,8014031400,-104.99504978751028,40.008995562421156,6,0.016549062844542446,50 to 100
Local Hospitality Establishments,8123000701,-104.68294786965478,40.43677871205498,4,0.01545755237045204,50 to 100
Local Hospitality Establishments,8123001404,-104.77206815525759,40.37133778903959,6,0.01545755237045204,50 to 100
Local Hospitality Establishments,8123002209,-104.8704977435587,40.445506146570835,7,0.01545755237045204,50 to 100
Local Hospitality Establishments,8123001406,-104.78508714794674,40.39055071944198,8,0.01545755237045204,50 to 100
Local Hospitality Establishments,8123001410,-104.74274835881248,40.41445224756885,6,0.014366041896361632,50 to 100
Local Hospitality Establishments,8123001412,-104.79636327572193,40.418308542292685,4,0.014366041896361632,50 to 100
Local Hospitality Establishments,8123002010,-105.03044406133031,40.11865069430987,7,0.014366041896361632,50 to 100
Local Hospitality Establishments,8123002018,-104.95971691543797,40.145691950778215,6,0.014366041896361632,50 to 100
Local Hospitality Establishments,8123002007,-105.05536886225562,40.015488743915796,6,0.014366041896361632,50 to 100
Local Hospitality Establishments,8123000401,-104.70661115170618,40.40671299983221,4,0.013274531422271224,50 to 100
Local Hospitality Establishments,8123001405,-104.7469159114784,40.380338556048414,3,0.013274531422271224,50 to 100
Local Hospitality Establishments,8123002012,-104.98714104191106,40.099350991009004,3,0.013274531422271224,50 to 100
Local Hospitality Establishments,8123001004,-104.67820915082108,40.38052069736158,5,0.013274531422271224,50 to 100
Local Hospitality Establishments,8123001006,-104.71091462937845,40.37813219774815,4,0.012183020948180816,50 to 100
Local Hospitality Establishments,8123002016,-104.9146894802465,40.11523950499235,5,0.012183020948180816,50 to 100
Local Hospitality Establishments,8069002501,-104.95849528079687,40.51315539609398,4,0.011091510474090408,20 to 50
Local Hospitality Establishments,8123002021,-104.90345806916442,40.13975625373079,4,0.011091510474090408,20 to 50
Local Hospitality Establishments,8123002013,-104.94535651089383,40.09744528362754,4,0.011091510474090408,20 to 50
Local Hospitality Establishments,8123001417,-104.75878288429723,40.43107069936093,4,0.011091510474090408,20 to 50
Local Hospitality Establishments,8069001709,-104.95246975631242,40.42883977855287,3,0.01,20 to 50
Local Hospitality Establishments,8123001408,-104.76541321693499,40.39680456532713,3,0.01,20 to 50
Local Hospitality Establishments,8123001409,-104.74318259272853,40.394343934662686,3,0.01,20 to 50
Local Hospitality Establishments,8123001902,-104.69808719247054,40.08430011188815,3,0.01,20 to 50
Local Hospitality Establishments,8123002006,-104.90071644613053,40.087057382018955,3,0.01,20 to 50
Local Household Goods and Services,8069002501,-104.84670905944961,40.550142670086196,23,0.11151047409040793,"500 to 1,000"
Local Household Goods and Services,8123002103,-104.97586354348616,40.18190128708929,9,0.05038588754134509,250 to 500
Local Household Goods and Services,8123002016,-104.91112166923483,40.14139466546592,10,0.042745314222712244,250 to 500
Local Household Goods and Services,8123002209,-104.83797327953141,40.43654645408768,5,0.028555678059536932,100 to 250
Local Household Goods and Services,8123002101,-104.81777000461646,40.361425730712476,9,0.02528114663726571,100 to 250
Local Household Goods and Services,8123001500,-104.71379255907823,40.47683464689892,14,0.024189636163175304,100 to 250
Local Household Goods and Services,8123001416,-104.7902129111319,40.44725616370814,5,0.019823594266813672,100 to 250
Local Household Goods and Services,8123001700,-104.71588949471695,40.33183229536428,9,0.017640573318632856,100 to 250
Local Household Goods and Services,8123001300,-104.71625758563529,40.44542757903007,5,0.017640573318632856,100 to 250
Local Household Goods and Services,8123002009,-105.01565887252673,40.062117687390916,8,0.017640573318632856,100 to 250
Local Household Goods and Services,8123000705,-104.64872930560226,40.40143726474418,9,0.016549062844542446,50 to 100
Local Household Goods and Services,8123001006,-104.70199060510028,40.38140948724352,8,0.016549062844542446,50 to 100
Local Household Goods and Services,8123001907,-104.69459774543832,40.097155686212794,5,0.01545755237045204,50 to 100
Local Household Goods and Services,8014031400,-105.04804710322676,39.9898922333609,5,0.01545755237045204,50 to 100
Local Household Goods and Services,8123002006,-104.91513043087762,40.05896735149013,3,0.013274531422271224,50 to 100
Local Household Goods and Services,8123001404,-104.75804347719682,40.363106022535206,3,0.012183020948180816,50 to 100
Local Household Goods and Services,8123000401,-104.7202133437833,40.39915501487014,4,0.012183020948180816,50 to 100
Local Household Goods and Services,8123001906,-104.81725329860579,40.100896629049835,5,0.012183020948180816,50 to 100
Local Household Goods and Services,8123001410,-104.73772287726173,40.40927535516088,5,0.012183020948180816,50 to 100
Local Household Goods and Services,8123002102,-104.92207776640603,40.32561440372341,4,0.011091510474090408,20 to 50
Local Household Goods and Services,8123001407,-104.79351125421215,40.404202391778064,4,0.011091510474090408,20 to 50
Local Household Goods and Services,8123001600,-104.5480654165284,40.39746505019523,3,0.01,20 to 50
Local Household Goods and Services,8123002501,-104.67086953618325,40.59946401904444,3,0.01,20 to 50
Local Industrial Products and Services,8123000401,-104.7111262093497,40.40046702533746,7,0.028555678059536932,100 to 250
Local Industrial Products and Services,8123001407,-104.79580084524319,40.37387529451477,5,0.01545755237045204,50 to 100
Local Industrial Products and Services,8123001404,-104.75250736577084,40.37644413846042,5,0.014366041896361632,50 to 100
Local Industrial Products and Services,8123001700,-104.68414245958506,40.32774575997256,6,0.013274531422271224,50 to 100
Local Industrial Products and Services,8123002209,-104.88112589850667,40.455378840638645,5,0.012183020948180816,50 to 100
Local Industrial Products and Services,8123002208,-104.90587883307367,40.53297590465795,3,0.011091510474090408,20 to 50
Local Industrial Products and Services,8123001500,-104.68771121925023,40.46075597255261,3,0.01,20 to 50
Local Industrial Products and Services,8123002103,-105.00330315568208,40.26439897207988,3,0.01,20 to 50
Local Industrial Products and Services,8123002300,-104.64274838379507,40.624075269377954,3,0.01,20 to 50
Local Industrial Products and Services,8123002013,-104.98563917291428,40.108779078272434,3,0.01,20 to 50
Local Industrial Products and Services,8123001411,-104.76863347467489,40.42610036358195,3,0.01,20 to 50
Local Logistical Services,8123001500,-104.67976732722737,40.47932075871292,16,0.05802646085997795,250 to 500
Local Logistical Services,8123001006,-104.72796399191971,40.37469573397636,7,0.038379272326350605,250 to 500
Local Logistical Services,8123001700,-104.74722876090081,40.33919951694287,5,0.03073869900771775,100 to 250
Local Logistical Services,8123002209,-104.84968786454543,40.457248648763084,8,0.02964718853362734,100 to 250
Local Logistical Services,8123002203,-104.91545006028986,40.46529124616437,9,0.02637265711135612,100 to 250
Local Logistical Services,8123002009,-104.99994576141616,40.04895382104616,10,0.02528114663726571,100 to 250
Local Logistical Services,8123000703,-104.660140126114,40.40061082676755,4,0.023098125689084897,100 to 250
Local Logistical Services,8123001406,-104.76541952848174,40.388755502608426,8,0.023098125689084897,100 to 250
Local Logistical Services,8123002018,-104.95436564537864,40.134571411652864,7,0.023098125689084897,100 to 250
Local Logistical Services,8123001202,-104.72526427223112,40.413900965001936,5,0.020915104740904078,100 to 250
Local Logistical Services,8123001407,-104.80401193888791,40.40711547103019,4,0.019823594266813672,100 to 250
Local Logistical Services,8123002300,-104.70555968296631,40.62243904029849,9,0.018732083792723266,100 to 250
Local Logistical Services,8123000705,-104.64877970389885,40.40431952328456,7,0.01545755237045204,50 to 100
Local Logistical Services,8123001416,-104.77326399226901,40.436913573334245,4,0.01545755237045204,50 to 100
Local Logistical Services,8123002101,-104.85592312843445,40.35619818738112,7,0.014366041896361632,50 to 100
Local Logistical Services,8123000800,-104.68593655481362,40.392508086114105,5,0.014366041896361632,50 to 100
Local Logistical Services,8123001902,-104.67323836768324,40.09183236466908,6,0.014366041896361632,50 to 100
Local Logistical Services,8123001404,-104.77417814785015,40.373052595361884,6,0.013274531422271224,50 to 100
Local Logistical Services,8123001300,-104.7283875695616,40.429642367699344,5,0.012183020948180816,50 to 100
Local Logistical Services,8123001409,-104.74265619247446,40.3979633410506,3,0.012183020948180816,50 to 100
Local Logistical Services,8123002207,-104.93347356774855,40.50175196718616,5,0.012183020948180816,50 to 100
Local Logistical Services,8123002102,-104.89283953139021,40.26192058299569,5,0.012183020948180816,50 to 100
Local Logistical Services,8123000502,-104.6994003438709,40.42910438198716,5,0.012183020948180816,50 to 100
Local Logistical Services,8123001417,-104.74077111781989,40.43074007767888,4,0.012183020948180816,50 to 100
Local Logistical Services,8123000701,-104.68431932514927,40.42466043865086,4,0.011091510474090408,20 to 50
Local Logistical Services,8123002016,-104.91319885898484,40.121433378661536,4,0.011091510474090408,20 to 50
Local Logistical Services,8123002103,-104.98748581126625,40.21537466465587,4,0.011091510474090408,20 to 50
Local Logistical Services,8123001908,-104.84480278292156,40.042873430229186,4,0.011091510474090408,20 to 50
Local Logistical Services,8123000900,-104.71191258579863,40.39686879145846,4,0.011091510474090408,20 to 50
Local Logistical Services,8123002208,-104.8383121503092,40.52261073677349,3,0.01,20 to 50
Local Logistical Services,8001060100,-105.00498348113261,39.97803203794839,3,0.01,20 to 50
Local Motor Vehicle Products and Services,8123002016,-105.00611696633045,40.09993301300743,39,0.30361631753031976,"1,000 to 5,000"
Local Motor Vehicle Products and Services,8123001906,-104.67348098018175,40.09478176255858,18,0.09622932745314222,"500 to 1,000"
Local Motor Vehicle Products and Services,8123002101,-104.85347170642359,40.36112956601437,20,0.08203969128996692,"500 to 1,000"
Local Motor Vehicle Products and Services,8123001500,-104.70693449030892,40.483439866610034,23,0.07221609702315325,"500 to 1,000"
Local Motor Vehicle Products and Services,8123000705,-104.65408894576288,40.401200407230995,25,0.0645755237045204,"500 to 1,000"
Local Motor Vehicle Products and Services,8123002103,-104.99379526815827,40.22609275285621,25,0.04383682469680265,250 to 500
Local Motor Vehicle Products and Services,8123001005,-104.72043093197135,40.36707708457959,7,0.03073869900771775,100 to 250
Local Motor Vehicle Products and Services,8123002209,-104.86738127780654,40.436368238747086,13,0.02964718853362734,100 to 250
Local Motor Vehicle Products and Services,8123002208,-104.84288027806546,40.511406393082645,4,0.02746416758544653,100 to 250
Local Motor Vehicle Products and Services,8123002203,-104.87560731818549,40.46388775317499,8,0.019823594266813672,100 to 250
Local Motor Vehicle Products and Services,8123001700,-104.68639216727315,40.35108436816067,9,0.018732083792723266,100 to 250
Local Motor Vehicle Products and Services,8123001416,-104.77604681044801,40.4385673207724,7,0.017640573318632856,100 to 250
Local Motor Vehicle Products and Services,8123001201,-104.72436386247914,40.41317038400137,7,0.017640573318632856,100 to 250
Local Motor Vehicle Products and Services,8123002501,-104.43638797572952,40.65333643486907,8,0.017640573318632856,100 to 250
Local Motor Vehicle Products and Services,8123002102,-104.93325896463871,40.32831728513235,5,0.016549062844542446,50 to 100
Local Motor Vehicle Products and Services,8123002006,-104.90247111323559,40.070129350671685,4,0.016549062844542446,50 to 100
Local Motor Vehicle Products and Services,8123001404,-104.74886116455109,40.36205129687569,5,0.01545755237045204,50 to 100
Local Motor Vehicle Products and Services,8123001300,-104.72802124222937,40.44046716086871,5,0.014366041896361632,50 to 100
Local Motor Vehicle Products and Services,8123001406,-104.79577426273575,40.38537930618732,5,0.014366041896361632,50 to 100
Local Motor Vehicle Products and Services,8123001409,-104.75360366775523,40.400294552844684,7,0.014366041896361632,50 to 100
Local Motor Vehicle Products and Services,8123000703,-104.67261471545635,40.403600330182414,6,0.014366041896361632,50 to 100
Local Motor Vehicle Products and Services,8123001410,-104.74534246321684,40.413847063458924,6,0.014366041896361632,50 to 100
Local Motor Vehicle Products and Services,8069001709,-104.98986890383048,40.3985525062489,3,0.013274531422271224,50 to 100
Local Motor Vehicle Products and Services,8123001600,-104.56696747280955,40.36803212552935,4,0.013274531422271224,50 to 100
Local Motor Vehicle Products and Services,8123000502,-104.70793082570083,40.42397888074366,3,0.013274531422271224,50 to 100
Local Motor Vehicle Products and Services,8123001417,-104.74628219806435,40.43166751783765,5,0.013274531422271224,50 to 100
Local Motor Vehicle Products and Services,8123001405,-104.7788507395797,40.38093389534121,3,0.012183020948180816,50 to 100
Local Motor Vehicle Products and Services,8123002210,-104.93165974070166,40.443621469911875,5,0.012183020948180816,50 to 100
Local Motor Vehicle Products and Services,8123002300,-104.73324363873937,40.59468793256375,5,0.012183020948180816,50 to 100
Local Motor Vehicle Products and Services,8123002207,-104.95772173354774,40.49656220691201,3,0.012183020948180816,50 to 100
Local Motor Vehicle Products and Services,8123000701,-104.68445241764351,40.42734843086882,4,0.011091510474090408,20 to 50
Local Motor Vehicle Products and Services,8123001908,-104.86194419317943,40.06971716065996,4,0.011091510474090408,20 to 50
Local Motor Vehicle Products and Services,8123000600,-104.70369399225768,40.44508364428667,3,0.01,20 to 50
Local Motor Vehicle Products and Services,8123001100,-104.7274670857639,40.399345220818546,3,0.01,20 to 50
Local Motor Vehicle Products and Services,8123001412,-104.78909346189468,40.41667900193879,3,0.01,20 to 50
Local Motor Vehicle Products and Services,8014031300,-105.00523870824368,39.977866563436265,3,0.01,20 to 50
Local Motor Vehicle Products and Services,8123001003,-104.6999060392952,40.390291811790306,3,0.01,20 to 50
Local Personal Services (Non-Medical),8123002012,-104.83949416227637,40.08803621781903,23,0.10496141124586549,"500 to 1,000"
Local Personal Services (Non-Medical),8123000705,-104.67878573597068,40.40573577233155,13,0.061300992282249174,"500 to 1,000"
Local Personal Services (Non-Medical),8123002103,-104.96246545086842,40.168643395300286,13,0.05366041896361631,250 to 500
Local Personal Services (Non-Medical),8123001500,-104.7122511452079,40.47533107811644,16,0.039470782800441015,250 to 500
Local Personal Services (Non-Medical),8123002208,-104.87576376738798,40.515040435876806,8,0.038379272326350605,250 to 500
Local Personal Services (Non-Medical),8123002300,-104.73295380373483,40.572126940460656,10,0.03292171995589857,100 to 250
Local Personal Services (Non-Medical),8123002501,-104.82386613207554,40.72770888005212,7,0.02746416758544653,100 to 250
Local Personal Services (Non-Medical),8123001800,-104.85029157915041,40.20119399444417,8,0.02528114663726571,100 to 250
Local Personal Services (Non-Medical),8123001416,-104.78079482883606,40.42854210501235,5,0.023098125689084897,100 to 250
Local Personal Services (Non-Medical),8123000401,-104.7201103956621,40.40170305361638,5,0.023098125689084897,100 to 250
Local Personal Services (Non-Medical),8123001300,-104.71917111701109,40.44243233468198,8,0.022006615214994488,100 to 250
Local Personal Services (Non-Medical),8123001004,-104.68593126347827,40.37688504030157,3,0.020915104740904078,100 to 250
Local Personal Services (Non-Medical),8013012907,-105.09843716049394,40.028681761258575,5,0.020915104740904078,100 to 250
Local Personal Services (Non-Medical),8123002101,-104.87883115230214,40.34931687991441,9,0.017640573318632856,100 to 250
Local Personal Services (Non-Medical),8123001404,-104.78326464549176,40.36791042357193,9,0.016549062844542446,50 to 100
Local Personal Services (Non-Medical),8123001700,-104.70154754143782,40.34969009302823,7,0.016549062844542446,50 to 100
Local Personal Services (Non-Medical),8123002209,-104.85264227269684,40.433289537889976,8,0.016549062844542446,50 to 100
Local Personal Services (Non-Medical),8123001600,-104.48736474650774,40.43180349998785,5,0.016549062844542446,50 to 100
Local Personal Services (Non-Medical),8123002206,-104.91122341745097,40.46879100717654,5,0.016549062844542446,50 to 100
Local Personal Services (Non-Medical),8123001405,-104.76930159561603,40.38349439449299,6,0.01545755237045204,50 to 100
Local Personal Services (Non-Medical),8014031400,-105.0182527743487,40.00376768691428,6,0.014366041896361632,50 to 100
Local Personal Services (Non-Medical),8123002203,-104.86459927352819,40.46070025096498,3,0.013274531422271224,50 to 100
Local Personal Services (Non-Medical),8001060000,-104.85550873206245,39.96429455397004,3,0.012183020948180816,50 to 100
Local Personal Services (Non-Medical),8123001005,-104.71484338338547,40.37667733655479,5,0.012183020948180816,50 to 100
Local Personal Services (Non-Medical),8123001410,-104.73750804650726,40.41878432754167,5,0.012183020948180816,50 to 100
Local Personal Services (Non-Medical),8123002009,-105.00181637143812,40.034714434472484,4,0.011091510474090408,20 to 50
Local Personal Services (Non-Medical),8123002207,-104.94830756363041,40.51555048850654,4,0.011091510474090408,20 to 50
Local Personal Services (Non-Medical),8123000703,-104.66601251908003,40.39725686844636,4,0.011091510474090408,20 to 50
Local Personal Services (Non-Medical),8123001408,-104.77222027858245,40.39866090061724,3,0.01,20 to 50
"Local Real Estate, Construction, and Development",8013013201,-105.01432500171772,40.21969739323045,44,0.2141124586549063,"1,000 to 5,000"
"Local Real Estate, Construction, and Development",8123001907,-104.70984957309129,40.04723684201966,33,0.16499448732083793,"1,000 to 5,000"
"Local Real Estate, Construction, and Development",8123001500,-104.70356641291353,40.48158962061414,65,0.1333406835722161,"1,000 to 5,000"
"Local Real Estate, Construction, and Development",8123001404,-104.78379196980586,40.373871784169175,26,0.13115766262403528,"1,000 to 5,000"
"Local Real Estate, Construction, and Development",8123000705,-104.6462008598301,40.41212539655649,59,0.11805953693495037,"1,000 to 5,000"
"Local Real Estate, Construction, and Development",8123001700,-104.70472894110172,40.34132304574026,45,0.11587651598676957,"1,000 to 5,000"
"Local Real Estate, Construction, and Development",8123002208,-104.86916968005197,40.51062535280788,28,0.09295479603087099,"500 to 1,000"
"Local Real Estate, Construction, and Development",8123002300,-104.7256297900026,40.592916051295745,31,0.07658213891951487,"500 to 1,000"
"Local Real Estate, Construction, and Development",8123002101,-104.84363784329699,40.36528341287509,45,0.07439911797133407,"500 to 1,000"
"Local Real Estate, Construction, and Development",8123001800,-104.78172270926117,40.18368279387824,19,0.0645755237045204,"500 to 1,000"
"Local Real Estate, Construction, and Development",8123000704,-104.68430363687823,40.385574051550265,15,0.05802646085997795,250 to 500
"Local Real Estate, Construction, and Development",8123001201,-104.7355970406596,40.41815033229247,16,0.05584343991179714,250 to 500
"Local Real Estate, Construction, and Development",8013012800,-105.07820450435425,40.020890825686074,8,0.05256890848952591,250 to 500
"Local Real Estate, Construction, and Development",8123002210,-104.92125561509349,40.433270604237904,14,0.04820286659316428,250 to 500
"Local Real Estate, Construction, and Development",8123001411,-104.77031536066,40.41986573562886,10,0.04820286659316428,250 to 500
"Local Real Estate, Construction, and Development",8123002209,-104.85996275904388,40.44308334494835,23,0.046019845644983466,250 to 500
"Local Real Estate, Construction, and Development",8123000600,-104.69799343306968,40.43712583971297,9,0.044928335170893056,250 to 500
"Local Real Estate, Construction, and Development",8123001908,-104.85233948397055,40.0768313375642,25,0.044928335170893056,250 to 500
"Local Real Estate, Construction, and Development",8123001005,-104.72516764615584,40.37707025173266,21,0.04383682469680265,250 to 500
"Local Real Estate, Construction, and Development",8123002016,-104.90074313169605,40.14034848523801,10,0.04383682469680265,250 to 500
"Local Real Estate, Construction, and Development",8123001416,-104.78285619186752,40.440845008577874,20,0.041653803748621834,250 to 500
"Local Real Estate, Construction, and Development",8123002009,-105.00136253372467,40.053285459399795,19,0.039470782800441015,250 to 500
"Local Real Estate, Construction, and Development",8069001709,-104.96312419675719,40.44287648219089,11,0.037287761852260196,250 to 500
"Local Real Estate, Construction, and Development",8123001600,-104.55839637880197,40.39205571124848,17,0.037287761852260196,250 to 500
"Local Real Estate, Construction, and Development",8123002010,-105.00997001114764,40.122115824920215,18,0.03619625137816979,250 to 500
"Local Real Estate, Construction, and Development",8123000703,-104.65958388867112,40.3998777451984,10,0.03510474090407938,250 to 500
"Local Real Estate, Construction, and Development",8014031400,-104.99664362693706,40.002808259047335,10,0.03401323042998897,250 to 500
"Local Real Estate, Construction, and Development",8123002203,-104.87629643711841,40.464260474266695,17,0.031830209481808154,100 to 250
"Local Real Estate, Construction, and Development",8123001406,-104.77633441104776,40.388293452243545,11,0.03073869900771775,100 to 250
"Local Real Estate, Construction, and Development",8123001408,-104.77121012736676,40.39820735414446,13,0.03073869900771775,100 to 250
"Local Real Estate, Construction, and Development",8123002501,-104.57098751826011,40.64498006844884,14,0.02964718853362734,100 to 250
"Local Real Estate, Construction, and Development",8123000701,-104.68473339387405,40.43147182755247,15,0.02746416758544653,100 to 250
"Local Real Estate, Construction, and Development",8123002102,-104.9207008316908,40.3202218073026,13,0.02746416758544653,100 to 250
"Local Real Estate, Construction, and Development",8123001100,-104.7249251978734,40.39714913866406,8,0.02637265711135612,100 to 250
"Local Real Estate, Construction, and Development",8069002501,-104.95845750075394,40.495272276053605,6,0.02528114663726571,100 to 250
"Local Real Estate, Construction, and Development",8123002207,-104.92775865467124,40.508155899448845,12,0.02528114663726571,100 to 250
"Local Real Estate, Construction, and Development",8123002502,-104.53540974058335,40.0724894488122,14,0.024189636163175304,100 to 250
"Local Real Estate, Construction, and Development",8123001300,-104.7243688702059,40.434159926307146,10,0.022006615214994488,100 to 250
"Local Real Estate, Construction, and Development",8123001417,-104.7427674817803,40.43404389268878,7,0.020915104740904078,100 to 250
"Local Real Estate, Construction, and Development",8123001906,-104.81927770277588,40.12947795108101,10,0.019823594266813672,100 to 250
"Local Real Estate, Construction, and Development",8123002013,-104.95556745517898,40.12080405430773,9,0.019823594266813672,100 to 250
"Local Real Estate, Construction, and Development",8123001409,-104.74891383223824,40.40063933363667,9,0.017640573318632856,100 to 250
"Local Real Estate, Construction, and Development",8123002019,-104.95687529148077,40.15338395707783,7,0.017640573318632856,100 to 250
"Local Real Estate, Construction, and Development",8123001407,-104.79087304936616,40.40166938065266,7,0.016549062844542446,50 to 100
"Local Real Estate, Construction, and Development",8123001412,-104.79641733370903,40.41183826037987,7,0.016549062844542446,50 to 100
"Local Real Estate, Construction, and Development",8123002006,-104.89531626984534,40.012325489451676,6,0.016549062844542446,50 to 100
"Local Real Estate, Construction, and Development",8123001413,-104.7459644934888,40.42634753876408,5,0.01545755237045204,50 to 100
"Local Real Estate, Construction, and Development",8123002015,-104.92029034351442,40.09122355717089,5,0.01545755237045204,50 to 100
"Local Real Estate, Construction, and Development",8123000200,-104.68998393704669,40.41019375381959,5,0.014366041896361632,50 to 100
"Local Real Estate, Construction, and Development",8123001006,-104.70829225689691,40.378915715403785,7,0.014366041896361632,50 to 100
"Local Real Estate, Construction, and Development",8123001415,-104.75892126444586,40.43633228630378,4,0.014366041896361632,50 to 100
"Local Real Estate, Construction, and Development",8123002005,-104.95098642358006,40.055767290808134,5,0.014366041896361632,50 to 100
"Local Real Estate, Construction, and Development",8123000401,-104.70105921032908,40.41171731964063,6,0.013274531422271224,50 to 100
"Local Real Estate, Construction, and Development",8001060000,-104.9907146216195,39.976400122911976,6,0.013274531422271224,50 to 100
"Local Real Estate, Construction, and Development",8013013211,-105.07737674686453,40.13493705071353,5,0.013274531422271224,50 to 100
"Local Real Estate, Construction, and Development",8123000501,-104.71139560113119,40.43258705330521,3,0.012183020948180816,50 to 100
"Local Real Estate, Construction, and Development",8123000900,-104.70877475192785,40.397131322949356,4,0.012183020948180816,50 to 100
"Local Real Estate, Construction, and Development",8123001405,-104.77016329768023,40.38115744237938,4,0.012183020948180816,50 to 100
"Local Real Estate, Construction, and Development",8123002004,-104.93599599065529,40.08178790091642,4,0.012183020948180816,50 to 100
"Local Real Estate, Construction, and Development",8123002007,-105.04868909375371,40.04594700092124,3,0.012183020948180816,50 to 100
"Local Real Estate, Construction, and Development",8123002020,-104.92852619787976,40.161997690438895,4,0.012183020948180816,50 to 100
"Local Real Estate, Construction, and Development",8123002204,-104.90406978234478,40.46380901865709,5,0.012183020948180816,50 to 100
"Local Real Estate, Construction, and Development",8123001202,-104.72488822192959,40.410526315621524,4,0.011091510474090408,20 to 50
"Local Real Estate, Construction, and Development",8013060900,-105.0890350162491,39.976012082770524,4,0.011091510474090408,20 to 50
"Local Real Estate, Construction, and Development",8123002012,-104.97539692357441,40.102119210467976,4,0.011091510474090408,20 to 50
"Local Real Estate, Construction, and Development",8123000100,-104.69287031812078,40.422537284206,3,0.01,20 to 50
"Local Real Estate, Construction, and Development",8123000502,-104.70030596192713,40.42616795686515,3,0.01,20 to 50
"Local Real Estate, Construction, and Development",8123001003,-104.70940320939917,40.38913914614687,3,0.01,20 to 50
"Local Real Estate, Construction, and Development",8123002017,-104.98943649271341,40.1207395436141,3,0.01,20 to 50
Local Retailing of Clothing and General Merchandise,8123001800,-104.79407909284045,40.10054579763897,9,0.03510474090407938,250 to 500
Local Retailing of Clothing and General Merchandise,8123001300,-104.72825163857699,40.446736949360286,5,0.03292171995589857,100 to 250
Local Retailing of Clothing and General Merchandise,8123001412,-104.7993356656179,40.404004781907226,5,0.02746416758544653,100 to 250
Local Retailing of Clothing and General Merchandise,8123000300,-104.6893758033547,40.41784448598071,6,0.024189636163175304,100 to 250
Local Retailing of Clothing and General Merchandise,8123001500,-104.72677566017943,40.500958022865085,10,0.024189636163175304,100 to 250
Local Retailing of Clothing and General Merchandise,8123002013,-104.92080261635654,40.14075569320798,5,0.020915104740904078,100 to 250
Local Retailing of Clothing and General Merchandise,8123002203,-104.88038024452763,40.452008663369064,6,0.020915104740904078,100 to 250
Local Retailing of Clothing and General Merchandise,8123002009,-105.02428799763915,40.0272298078751,5,0.013274531422271224,50 to 100
Local Retailing of Clothing and General Merchandise,8123001005,-104.73159530128426,40.37212546482043,5,0.013274531422271224,50 to 100
Local Retailing of Clothing and General Merchandise,8123001409,-104.7374358661923,40.39762068653001,3,0.012183020948180816,50 to 100
Local Retailing of Clothing and General Merchandise,8123002103,-104.9720599600523,40.25388409416018,5,0.012183020948180816,50 to 100
Local Retailing of Clothing and General Merchandise,8123000705,-104.64289380200168,40.394910288468026,4,0.012183020948180816,50 to 100
Local Retailing of Clothing and General Merchandise,8123001700,-104.66907802436053,40.35678973941421,3,0.011091510474090408,20 to 50
Local Retailing of Clothing and General Merchandise,8123001003,-104.7087637687461,40.38792249729727,3,0.01,20 to 50
Local Utilities,8123001406,-104.75773284777073,40.367380957011335,4,0.02528114663726571,100 to 250
Local Utilities,8123001201,-104.74136008177197,40.44887309149363,5,0.024189636163175304,100 to 250
Local Utilities,8123002204,-104.85813142632773,40.49056053049595,6,0.016549062844542446,50 to 100
Local Utilities,8123002015,-104.89508903761013,40.09149923693247,5,0.012183020948180816,50 to 100
Local Utilities,8123000800,-104.6774496608488,40.40085603235233,3,0.01,20 to 50
Local Utilities,8123001408,-104.75367272008714,40.39503582023004,3,0.01,20 to 50
"Marketing, Design, and Publishing",8123001416,-104.71227633629677,40.49861685501427,10,0.042745314222712244,250 to 500
"Marketing, Design, and Publishing",8123001905,-104.8045170768743,40.076495673519936,5,0.023098125689084897,100 to 250
"Marketing, Design, and Publishing",8123002010,-105.03310000576113,40.13879966096758,6,0.019823594266813672,100 to 250
"Marketing, Design, and Publishing",8123002101,-104.8914283150937,40.32315562457923,5,0.018732083792723266,100 to 250
"Marketing, Design, and Publishing",8123002012,-104.94614270039025,40.09120116629922,3,0.016549062844542446,50 to 100
"Marketing, Design, and Publishing",8123000402,-104.69264023458308,40.42253878176917,3,0.016549062844542446,50 to 100
"Marketing, Design, and Publishing",8123002020,-104.93959395519863,40.15009466031485,5,0.016549062844542446,50 to 100
"Marketing, Design, and Publishing",8123002009,-105.01856078204362,40.03536844482057,7,0.01545755237045204,50 to 100
"Marketing, Design, and Publishing",8123001700,-104.68491766790102,40.32205172785614,7,0.01545755237045204,50 to 100
"Marketing, Design, and Publishing",8123000705,-104.65217353664461,40.41456403471725,6,0.013274531422271224,50 to 100
"Marketing, Design, and Publishing",8123002209,-104.84993872169302,40.45066343056673,6,0.013274531422271224,50 to 100
"Marketing, Design, and Publishing",8123001800,-104.6978056014962,40.21238763916413,4,0.011091510474090408,20 to 50
"Marketing, Design, and Publishing",8123001405,-104.7277196068044,40.37778135441143,3,0.01,20 to 50
"Marketing, Design, and Publishing",8123001404,-104.78088181399448,40.37791743185522,3,0.01,20 to 50
"Marketing, Design, and Publishing",8123002206,-104.95555738073875,40.46978552218743,3,0.01,20 to 50
"Marketing, Design, and Publishing",8123001410,-104.73545524095397,40.41338012682391,3,0.01,20 to 50
Metalworking Technology,8123002208,-104.91700896457702,40.51675770921552,5,0.028555678059536932,100 to 250
Metalworking Technology,8123002013,-104.91139112570852,40.10744211810645,6,0.019823594266813672,100 to 250
Metalworking Technology,8123001100,-104.69610994528873,40.39885762060057,3,0.013274531422271224,50 to 100
Metalworking Technology,8123001406,-104.83330207840677,40.34267065556229,3,0.011091510474090408,20 to 50
Oil and Gas Production and Transportation,8123001700,-104.71531602002588,40.33520704870551,10,0.10386990077177508,"500 to 1,000"
Oil and Gas Production and Transportation,8123000600,-104.70261547943971,40.406645015410284,15,0.05475192943770673,250 to 500
Oil and Gas Production and Transportation,8123001417,-104.75608330216303,40.42141907239889,9,0.03510474090407938,250 to 500
Oil and Gas Production and Transportation,8123001404,-104.75504861711208,40.37764084342393,8,0.024189636163175304,100 to 250
Oil and Gas Production and Transportation,8123002101,-104.8363180965876,40.353215302460015,8,0.023098125689084897,100 to 250
Oil and Gas Production and Transportation,8123002203,-104.87133806690103,40.494986041390945,7,0.020915104740904078,100 to 250
Oil and Gas Production and Transportation,8123001500,-104.72415794669158,40.47832036759529,11,0.019823594266813672,100 to 250
Oil and Gas Production and Transportation,8123002018,-104.97297670995084,40.13590689707386,6,0.018732083792723266,100 to 250
Oil and Gas Production and Transportation,8123002502,-104.66458718584713,39.988925753596796,4,0.017640573318632856,100 to 250
Oil and Gas Production and Transportation,8123002210,-104.95788910697168,40.43566786543428,5,0.016549062844542446,50 to 100
Oil and Gas Production and Transportation,8123000705,-104.63685464023038,40.393098696492906,7,0.016549062844542446,50 to 100
Oil and Gas Production and Transportation,8123002103,-105.00973620221612,40.21903040798958,6,0.01545755237045204,50 to 100
Oil and Gas Production and Transportation,8069002501,-104.96778238999562,40.54604557214908,3,0.014366041896361632,50 to 100
Oil and Gas Production and Transportation,8123001300,-104.72441433700874,40.43494773287724,6,0.014366041896361632,50 to 100
Oil and Gas Production and Transportation,8123001416,-104.7885631940479,40.432561593730874,6,0.014366041896361632,50 to 100
Oil and Gas Production and Transportation,8123001800,-104.7992888214863,40.24127529665967,4,0.014366041896361632,50 to 100
Oil and Gas Production and Transportation,8014031300,-105.01468828131435,39.99435605110181,4,0.014366041896361632,50 to 100
Oil and Gas Production and Transportation,8123001908,-104.84984309834678,40.08615279201427,4,0.013274531422271224,50 to 100
Oil and Gas Production and Transportation,8123002012,-104.97236213593581,40.09355712928152,3,0.013274531422271224,50 to 100
Oil and Gas Production and Transportation,8123002207,-104.92030290748035,40.49833556937122,5,0.012183020948180816,50 to 100
Oil and Gas Production and Transportation,8123002300,-104.7944903281981,40.59287017789867,4,0.012183020948180816,50 to 100
Oil and Gas Production and Transportation,8123002009,-105.01977462410606,40.06532187585385,4,0.012183020948180816,50 to 100
Oil and Gas Production and Transportation,8123002501,-104.41748509428906,40.72400538223099,4,0.011091510474090408,20 to 50
Oil and Gas Production and Transportation,8123001902,-104.71413014760095,40.082483821440555,3,0.01,20 to 50
Oil and Gas Production and Transportation,8001008604,-104.79800449981137,40.02881334108516,3,0.01,20 to 50
Oil and Gas Production and Transportation,8123001412,-104.83679963474415,40.42033016727952,3,0.01,20 to 50
Performing Arts,8123001700,-104.66802840284036,40.382412079010884,4,0.014366041896361632,50 to 100
Performing Arts,8123001500,-104.72875338745992,40.541205788113615,5,0.012183020948180816,50 to 100
Performing Arts,8123002208,-104.87347062569671,40.42840989681193,4,0.011091510474090408,20 to 50
Performing Arts,8123002017,-104.8287591300783,40.100545884754986,3,0.01,20 to 50
Plastics,8123000600,-104.8231823014765,40.47587229062366,4,0.018732083792723266,100 to 250
Plastics,8123002019,-104.88217811775654,40.14963104280979,3,0.011091510474090408,20 to 50
Printing Services,8123002012,-104.8075360104156,40.10347258552526,4,0.012183020948180816,50 to 100
Printing Services,8123000705,-104.7066033708556,40.37961172042961,3,0.01,20 to 50
Production Technology and Heavy Machinery,8123002102,-104.941432922761,40.23698313916195,6,0.014366041896361632,50 to 100
Production Technology and Heavy Machinery,8123001409,-104.75484507915404,40.45387875167438,7,0.014366041896361632,50 to 100
Production Technology and Heavy Machinery,8123000401,-104.68721231139456,40.405586523179814,4,0.011091510474090408,20 to 50
Recreational and Small Electric Goods,8123002016,-104.82271843768892,40.314818586483234,4,0.012183020948180816,50 to 100
Transportation and Logistics,8123001908,-104.89537643876265,40.15297975595255,21,0.07767364939360528,"500 to 1,000"
Transportation and Logistics,8123002009,-104.99280112858904,40.011268268168266,7,0.038379272326350605,250 to 500
Transportation and Logistics,8123001405,-104.74339088023605,40.385515095561665,5,0.019823594266813672,100 to 250
Transportation and Logistics,8123000701,-104.67841575514767,40.442415832269994,7,0.016549062844542446,50 to 100
Transportation and Logistics,8123001700,-104.67577484786878,40.295805312842,5,0.016549062844542446,50 to 100
Transportation and Logistics,8123002203,-104.87814893858358,40.4661973526093,6,0.01545755237045204,50 to 100
Transportation and Logistics,8123002102,-104.95967241828795,40.34083867508524,4,0.01545755237045204,50 to 100
Transportation and Logistics,8123001202,-104.71795717290412,40.40737889747338,6,0.01545755237045204,50 to 100
Transportation and Logistics,8123001500,-104.71242393073493,40.477147033471795,7,0.014366041896361632,50 to 100
Transportation and Logistics,8123002101,-104.84075191791882,40.34441907762809,5,0.014366041896361632,50 to 100
Transportation and Logistics,8123000705,-104.6379679084266,40.383389399647136,5,0.013274531422271224,50 to 100
Transportation and Logistics,8123002208,-104.8966689459284,40.52529506178025,5,0.013274531422271224,50 to 100
Transportation and Logistics,8123002300,-104.78601185057204,40.59216050311964,3,0.013274531422271224,50 to 100
Transportation and Logistics,8123002207,-104.94813899688005,40.50489331980826,5,0.013274531422271224,50 to 100
Transportation and Logistics,8123000900,-104.6912292793196,40.39898051499409,4,0.012183020948180816,50 to 100
Transportation and Logistics,8123002209,-104.8421755477288,40.4363595715953,3,0.011091510474090408,20 to 50
Transportation and Logistics,8123002501,-104.4534613080238,40.78468101473662,4,0.011091510474090408,20 to 50
Transportation and Logistics,8123001408,-104.78878751748861,40.40453816313364,4,0.011091510474090408,20 to 50
Transportation and Logistics,8123001416,-104.76999468872047,40.44035278629988,4,0.011091510474090408,20 to 50
Transportation and Logistics,8123000704,-104.66666725761874,40.399691276644084,3,0.01,20 to 50
Upstream Metal Manufacturing,8123002101,-104.90562918477129,40.32833845695545,6,0.019823594266813672,100 to 250
Video Production and Distribution,8123001700,-104.78089058094564,40.36339850968102,4,0.013274531422271224,50 to 100
Wood Products,8123002013,-105.01730959969855,40.05763146695975,7,0.023098125689084897,100 to 250
Wood Products,8123000701,-104.6903896625418,40.461789924064405,5,0.013274531422271224,50 to 100
